sn,text,Sentiment
0,MP to study new Motor Act before implementing it: CM Kamal Nath,Negative
1,Bhujbal says higher power rate driving industries away,Negative
2,Mandira Bedi shares a monochrome picture in a blazer; captions; 'Patloon kaise bhooley?',Negative
3,Harassment in office: DM seeks action-taken report by November-end,Negative
4,Two students end their lives,Negative
5,Chinmayanand case: Court summons BJP leaders in extortion case,Negative
6,Boy drowns in ditch filled with water at an abandoned site,Negative
7,7 more die from AES in Bihar; Bhagalpur reports 3 deaths,Negative
8,Eight trains to be cancelled in Patna on Tuesday,Negative
9,Police 'pick up; thrash' murder informant's dad,Negative
10,Shortage of psychiatrists may tone down Punjab's drug rehab drive,Negative
11,Cops express their point of view over adherence to human rights while policing,Negative
12,Vijayawada: Doctors clash with accident victim's kin,Negative
13,CPM wants temple built again; writes to Centre,Negative
14,'Delhi takht' line a bid to regain Maratha strongman image?,Negative
15,Ahmedabad: Only 16 elephants to take part in Yatra,Negative
16,Cyclone Bulbul: Pilots at Sagar Island help evacuees,Negative
17,8;916 property tax defaulters owe 3 crore to Chandigarh civic body,Negative
18,Kolkata: Hawkers thrash Lake activist,Negative
19,14-year-old girl raped; strangled to death in UP's Shamli,Negative
20,teen lands from ne for job raped by 3 men over 3 days,Negative
21,Bihar: Highway robbers' gang busted; three arrested,Negative
22,Cocaine run halted; Rs 61 lakh haul seized in Gujarat,Negative
23,Woman with heroin worth Rs 30 lakh held from Rajdhani Express,Negative
24,Doctors execute dual-lobe live liver transplant in Pune,Negative
25,Bru body threatens strike in Tripura from tomorrow,Negative
26,Duty calls for Alia Bhatt this Diwali,Negative
27,Police warn against celebration; criticism,Negative
28,Strawberry finch spotted in Mysuru,Negative
29,Final NRC list: Just one day left; families still being called in for hearings in Assam,Negative
30,Retired Mumbai cop gets 3 years' rigorous imprisonment for sexually assaulting minor,Negative
31,Guntur: Man found hanging; kin blame wife,Negative
32,Video: After nailing a clear-cut backflip; Salman Khan races a horse and defeats it,Negative
33,Hyderabad's infrastructure cannot withstand rain fury,Negative
34,Man arrested for kidnapping child,Negative
35,My mistake was that I showed my emotional vulnerability; says Sakshi,Negative
36,Rebuked; jawan shoots havildar; kills self in Tamil Nadu,Negative
37,Chopper delayed; BS Yediyurappa fumes,Negative
38,Save Charminar from Plastic; Spitting; Garbage;etc,Negative
39,Office etiquette: Diwali party rules,Negative
40,Doctors strike: Protests rock corporate hospitals,Negative
41,Nishank lauds Modi govt for abrogating Article 370,Negative
42,Jungle of electric wires and cables,Negative
43,Woman held for posing as IPS officer in Ahmedabad,Negative
44,Asha Bhosle: Lata didi ke saath gaane mein darr lagta tha,Negative
45,Corpn to discuss waste disposal at Chennai meeting,Negative
46,These mobile users will not have to pay more for data; calls,Negative
47,Govt plans Aadhaar-based digitised-health-data vault,Negative
48,Kolkata: Tallah Bridge razing likely from January 4,Negative
49,KV teacher killed in accident at Kadri,Negative
50,Rowdy politics; lack of education behind growing acts of statue vandalism: Intellectuals,Negative
51,1.5 lakh 'speed' challans on NH-9 waived,Negative
52,Wazirpur murder: 2 get police remand,Negative
53,Congress threatens protests over THDC selling,Negative
54,Need to improve awareness about consumer rights: CPAC,Negative
55,child sex ratio tilts in favour of girls in himachal dist,Negative
56,11 bumps in 800m fail to shield residents from speed devils in Kolkata,Negative
57,Brazilian man arrested with Rs 20 crore cocaine at Mumbai airport,Negative
58,At Rs 1 lakh; India's bank deposit insurance lowest in world,Negative
59,Pune cops get new surveillance system to track criminals,Negative
60,Even Lord Ganesha chooses Freeway,Negative
61,Delhi: PIL against odd-even questions exemptions,Negative
62,GoAir flight from Bengaluru diverts to Hyderabad for runway closure,Negative
63,Mumbai: Critical tuberculosis patient dies even as family hunts for A+ blood all day,Negative
64,parking with arrogance,Negative
65,Gas leak; blast at food-chain outlet; three injured,Negative
66,Ahmedabad: 'Why weren't documents checked?',Negative
67,PSC relents on disabled candidates,Negative
68,Women who lost husbands in manholes team up to run sewer cleaning firm,Negative
69,Rana Kapoor sells 1.8% more stake in Yes Bank,Negative
70,Maharashtra elections: Mumbai slid into poll apathy while Delhi held its appetite,Negative
71,Andhra Pradesh high court stays order nixing Polavaram power project,Negative
72,Stinking Viman Nagar,Negative
73,volentiarly reparing the road by sdpi members,Negative
74,Ahmedabad: Cylinder delivery man attempts to molest 15-year-old,Negative
75,I-T department never harassed Siddhartha; only did its job,Negative
76,Wildlife officials begin collecting data on pet shops; aquariums,Negative
77,Marriage not enough to quash rape charge: Delhi high court,Negative
78,Encephalitis outrage: One more child dies at SKMCH,Negative
79,Kolkata: Visva-Bharati can't meet NGT norms; junks mela,Negative
80,PWD starts erecting retaining wall on Adyar river bank at Jaffarkhanpet,Negative
81,Gurugram: Slab fell off flyover months ago; but repair yet to begin,Negative
82,Two arrested for stealing mobile phones; cash,Negative
83,Chandigarh: TikTok star Sonali alleges assault by sister,Negative
84,Dog dies out of shock due to firecrackers; 10 missing in Panchkula,Negative
85,Kidney scam: One more panel may be formed,Negative
86,We have separate tumbler at tea shop; separate time at ration shop,Negative
87,Corruption charges against VCs a blot on civilization: Guv,Negative
88,explore if jewar airport can have 8 runways yogi adityanath,Negative
89,Shift kids of DPS East to DPS Bopal,Negative
90,Five killed in Dibrugarh house fire,Negative
91,BMC demolishes building but not cleared debris,Negative
92,JEE language row: Mamata hits out at discrimination,Negative
93,SC throws out Sajjan Kumar's bail plea,Negative
94,5 Foods that have a higher risk of causing food poisoning,Negative
95,New site likely for Howrah water jetty,Negative
96,Reliance Jio begins charging for calls to other networks,Negative
97,Sewer overflow,Negative
98,Bhopal: Hollywood shoot hinders traffic; ambulance stuck in jam,Negative
99,Koilamma written update; June 13; 2019: Kokila fails to reveal the truth,Negative
100,Lighter rain in store for Ahmedabad; Vadodara for four days,Negative
101,Delhi: Two men on bike flee with cop's phone,Negative
102,Only 30% of Goa's 18-23 youth in college; far behind Sikkim's 54%,Negative
103,Aurangabad: 4 dead; 2 hurt after car rams into tree,Negative
104,Four in a chakkdo from Talod killed in accident near Modasa,Negative
105,14 films to slug it out in PIFF's global section,Negative
106,Murder of democracy: Puducherry CM on twist in Maharashtra government formation,Negative
107,BMW floats for an hour at Gurugram's IFFCO Chowk; driver crawls out via window,Negative
108,Gujarat DFS to submit report in Noida home guard salary fraud,Negative
109,Anti-CAA protests: Students pledge to fight on with song and slogan,Negative
110,Sona Mohapatra takes a dig at Anu Malik as he prepares to make a comeback on television,Negative
111,Trump terms South Korea-US joint military exercise 'unnecessary',Negative
112,Chennai: Accident victim to get compensation after 20-year delay,Negative
113,Surat fire tragedy: Bhargav Butani submits dubious affidavits for bail,Negative
114,drug dept seizes allopathic medicines from unregistered unani clinic but quacks manage to flee,Negative
115,Parking meant for divyangs shifted for installing plaques at HC,Negative
116,Dangerous travel on NH 34,Negative
117,Sushant Singh Rajput on marriage rumours with his alleged GF Rhea Chakraborty,Negative
118,Shiv Sena MP Arvind Sawant to quit as Union minister,Negative
119,Cow; three calves found dead inside Kaushambi's temporary shelter,Negative
120,Two arrested in Balangir bank fraud case,Negative
121,Tamil Nadu asks NGOs to run schools in tribal regions to deter dropouts,Negative
122,When Apple co-founder Steve Jobs allegedly made weird phone calls to a rival CEO,Negative
123,Gold worth Rs 23 Lakh recovered from three Pakistani citizens at Munabao Station,Negative
124,Madhya Pradesh: PLA veteran Wang Qi's visa cut by half; family unhappy,Negative
125,224-room Northeast hostel soon at JNU; to cost Rs 11 crore,Negative
126,Mylapore woman stabbed by kin of son's ex-wife,Negative
127,Six more booked for bid to extort Rs 3 crore from MLA,Negative
128,Karthika Deepam written update; June 13; 2019: Anand Rao attempts to reunite Karthik and Deepa,Negative
129,Village head; six block officials booked for graft,Negative
130,Medical course admission criteria under SC scrutiny,Negative
131,Jaipu: Anti-squatter drive in Walled City soon,Negative
132,PWD submits Majerhat foundation drawings to ER for speedy approval,Negative
133,Bill to regulate surrogacy tabled in LS,Negative
134,Madras CJ quits protesting transfer to Meghalaya HC,Negative
135,No mobile net in parts of Iran ahead of protests,Negative
136,Physical education teacher held for sexual assault on two students,Negative
137,Engineering admission list to reflect the deep divide in CET scores,Negative
138,Chandigarh-Amritsar train to halt at Kharar,Negative
139,Check illegal affordable houses in villages; Uttar Pradesh-Rera tells agencies,Negative
140,Water spills from Mithi Khadi creek at Parvat; others below danger mark,Negative
141,Smriti Irani seeks diet calendar for children at anganwadis,Negative
142,Khataara Autorickshaw,Negative
143,Maharashtra government gets railway land for Dharavi project,Negative
144,Telangana: Temporary RTC workers demand jobs,Negative
145,Who will clear this ?,Negative
146,FDA team raids illegal 'mineral water' plant; serves notice,Negative
147,Total Disregard for Safety,Negative
148,From Saturday; buy a ticket to visit Arjuna's Penance,Negative
149,Panels and live wires lying in open; outages add to Ardee City's woes,Negative
150,Weight loss story: This girl lost 15 kilos by working out at home. Here is what she did,Negative
151,Pune wall collapse: Lookout notice for three realtors,Negative
152,Medical tests of P Chidambaram conducted inside CBI headquarters: Sources,Negative
153,Brothers leave path of destruction in Germany,Negative
154,Pune: Two dead; 21 hurt after earthmover ploughs into palkhi procession,Negative
155,School bag must not be more than 10% of child's body weight,Negative
156,ED can quiz P Chidambaram in jail; arrest him if required; says court,Negative
157,I am in a Ravichandran film; but I have no scenes with him,Negative
158,A play about weight-loss goals,Negative
159,Tamil Nadu Real Estate Regulatory Authority directs developer to return seven percent excess GST to homebuyer,Negative
160,uncleared garage,Negative
161,People scared; law & order situation worrying: Arvind Kejriwal,Negative
162,Footpath for e-rickshaws,Negative
163,Petrol; diesel on fire; cross Rs 80 and Rs 70 a litre in Maharashtra,Negative
164,Coalition leaders' desperate bid to tap family sentiment fails,Negative
165,'Won't withdraw strike till government agrees to our demand',Negative
166,Vadnagar civil hospital turns medical hub in just 3 years,Negative
167,Goa government ready to settle; offers Fomento Rs 6 crore to exit Sonsoddo site,Negative
168,Hunger strike at Gurudwara,Negative
169,15 cops of one station suspended for illegal slaughter links; a day after CM visit,Negative
170,HSCAP Kerala Plus One first list of vacancies expected soon @ hscap.kerala.gov.in,Negative
171,Kolkata: Woman thrown off bike on tram tracks; mowed down by bus,Negative
172,Gold worth Rs 27 lakh seized in a week at Munabao station,Negative
173,How green waste will keep Delhi's poor warm,Negative
174,So what if the Manhole is not covered?,Negative
175,Waterlogging: It's the same story at Vaduthala and Ayyappankavu,Negative
176,Trichy: Two die after loose soil falls on them,Negative
177,Jewellery heist: Trichy police get custody of accused Murugan,Negative
178,Kolkata: Cops stumble upon fifth bank account of Bansdroni victims,Negative
179,Bihar heatwave death toll surges to 61,Negative
180,20 Delhi schools tap sun to cut power bill to near-zero,Negative
181,India vs South Africa: 'Frustrated' Aiden Markram punches career prospects,Negative
182,TDO; clerk demand Rs 15;000 bribe to sign professional tax form,Negative
183,Why iPhone users may soon delete Google Maps,Negative
184,Badlapur: Auto workshops flooded with damaged vehicles,Negative
185,Here's the first trailer of Greta Gerwig's 'Little Women',Negative
186,Mumbai: Man held in Rs 3.5 crore cheating case,Negative
187,Senior marine pilot goes missing after falling off ladder near JNPT,Negative
188,1993 Delhi bomb blast case: Professor Devinder Pal Singh Bhullar among 8 Sikh prisoners up for release,Negative
189,Dull Metro pillars need some colours,Negative
190,Tourists leave 2;000 tonne garbage in Manali in two months,Negative
191,Cold wave conditions likely to continue in city,Negative
192,NMC may lose 163 marks for potholes in Swachh Survekshan,Negative
193,Howrah: Woman plots son's murder; paramour executes it,Negative
194,Post 'free' meal; diner flees with staffer's phone,Negative
195,Hyderabad: Doctor at Gandhi Hospital attacked by patient's kin,Negative
196,CPI-police clash in Kochi: AIYF leader arrested,Negative
197,Prisoner's death: Four cops suspended; five transferred,Negative
198,Delhi: Strong wind keeps pollutants at bay; but air is still poor,Negative
199,To win over hubby's parents; Palghar couple dump newborn at their door,Negative
200,On the phone and driving? Be prepared for Rs 1;000 penalty,Negative
201,Mumbai: Puppy swallows shaving blade; undergoes life-saving surgery,Negative
202,Malad wall collapse: Six-month-old Ayush survives,Negative
203,Water level comes down at Peppara & Neyyar dams,Negative
204,Question mark over appointment of DU South Campus dean,Negative
205,Not all glitter and glory. We suffer great mental and physical stress: Mollywood actors,Negative
206,4 MLAs supporting JJP resign from Haryana assembly,Negative
207,With his arm gone; how will we survive?,Negative
208,Commercial sites in Ahmedabad still buzzing with mosquitoes,Negative
209,Paliencar's exit ruled out for now: Vijai Sardesai,Negative
210,Rajasthan HC quashes cattle smuggling case against Pehlu Khan; sons; driver,Negative
211,3 Dangerous Open Manholes,Negative
212,Chief electoral officer seeks report on minister's 'Puthana' remark,Negative
213,Telangana government repaying debt through liquor sale: Congress,Negative
214,SSC GD Constable PET; PST exam date 2019 released; check details here,Negative
215,Protest against Citizenship (Amendment) Act postponed,Negative
216,Surat: Another birthday bash busted for cutting cake with sword,Negative
217,West Bengal holding back urban India's quest for ODF status,Negative
218,Intermittent fasting: Is it an effective way for weight loss?,Negative
219,Final decision after missing link road survey: NMC,Negative
220,Plan of three direct int'l flights from Pune yet to take off,Negative
221,Police arrest 170 over Jammu and Kashmir protests,Negative
222,Karnataka high court to cops: What action have you taken against noisy pubs?,Negative
223,This Barmer centre provides free NEET coaching for poor students,Negative
224,Anti-quota stir: Beed students stage demo,Negative
225,Imran Khan welcomes Donald Trump's offer of mediation on Kashmir; says it won't be resolved bilaterally,Negative
226,Pak efforts to link Kashmir with Afghan peace process is 'reckless and irresponsible': Afghanistan,Negative
227,2 Bangladeshis held for double murder,Negative
228,National selectors could be given a three-year term,Negative
229,High court orders judicial inquiry into 'illegal' custody of 3 men,Negative
230,Indirapuram colony lost its roads in March; waits for relief; gets none,Negative
231,Sreekumar's claims reaction to dept action: Commission,Negative
232,Permission sought to install statue of Karunanidhi,Negative
233,Municipal Corporation of Gurugram writes to mall on illegal advertisements,Negative
234,Longer you live; higher the chances of dying of big cancer,Negative
235,Dumped silt,Negative
236,Doing our duty; says Drishti as waste piles up on Salcete coast,Negative
237,Mazhya Navryachi Bayko written update; July 31; 2019: Shanaya's mother asks Popatrao to pay Rs 10 crore,Negative
238,Metro brings 2 years of hell,Negative
239,Gatarache sanpani rastyavar,Negative
240,Village residents demand restarting of tanker service for drinking water,Negative
241,Jharkhand last got a 'new' medical college 50 years back,Negative
242,Trafic violations still increases in the city,Negative
243,Bareilly: Attacked by monkey; 40-year-old woman falls off terrace; dies,Negative
244,BWSSB slaps Rs 3 lakh monthly water bill on resident,Negative
245,Oscar-nominated actor Robert Forster passes away at 78,Negative
246,Assam Police drive to stop spread of NRC rumours,Negative
247,Post 'The Sky is Pink' promotions; Priyanka Chopra jets off to the USA,Negative
248,Countrywide NRC inevitable: Rajnath Singh,Negative
249,To improve Telangana government schools; people need to do their bit,Negative
250,Pedestrian walkways converted to roads,Negative
251,Pune: Panel may announce new FTII entry test fees in January,Negative
252,TCS to increase full-time positions overseas; spends Rs 11;330 crore on subcontractors,Negative
253,Cheeta Camp and BARC: Netas struggle to bridge the two worlds,Negative
254,Gandhinagar: Failed bank robbery; prosecution failure,Negative
255,PIL filed against SEZ firms alleging labour violations,Negative
256,BMTC plans to convert entire fleet to electric by 2030,Negative
257,292 cops martyred in India from September 2018 to August 2019: Police,Negative
258,Pune: Humans and leopards tend to get dangerously close,Negative
259,Kerala: Cleaning & widening of culverts crucial to check waterlogging,Negative
260,Kamal Haasan is shooting for Indian 2 in a city hotel,Negative
261,25 million litre sewage water enters Panchganga untreated,Negative
262,Age fraud seriously detrimental to health of Indian cricket: Rahul Dravid,Negative
263,Diljit Dosanjh says he still gets nervous to talk to Kareena Kapoor Khan,Negative
264,Dog goes missing; breeder announces Rs 1 lakh reward in Bengaluru,Negative
265,BJP raps Odisha govt on safety; security of women in state,Negative
266,Kolkata: Two-wheeler comes under train engine; explodes,Negative
267,Residential Area being polluted drastically.,Negative
268,Residents of Rajpur road complain of rash driving,Negative
269,Another season of woes for holy Pamba,Negative
270,Why not allow Right Turn,Negative
271,10% stormwater drain link work still pending in Chennai,Negative
272,School didn't inform us about boy's fatal jump; alleges kin,Negative
273,Suspect's birthday bash: Five Bhandup cops suspended,Negative
274,Peace of House broken over 'amaithi poonga' remark,Negative
275,Goa govt hopes for private players after jetties commissioned,Negative
276,Domlur footpath filled with garbage,Negative
277,Kolkata: Cops 'evict' hawkers; urge Railways to announce Sealdah diversions,Negative
278,Two leaders' arrest: Telangana high court dismisses habeas corpus pleas,Negative
279,Water contamination claims life of child in Mathura,Negative
280,Two arrested in Kothamangalam robbery case in Kochi,Negative
281,Rajasthan: 13-year-old raped in Nagaur district; no arrests yet,Negative
282,Now; you can check air quality details using new web feature,Negative
283,UP: Cop inaction; social ostracism force rape survivor to hang self,Negative
284,Cops raise funds for colleague with cancer,Negative
285,At this bar; AI decides who's being served,Negative
286,SDMC dumping garbage on main road,Negative
287,Four get hope as brain-dead patient's kin donate organs,Negative
288,Reprogramming the night life in Kerala,Negative
289,Bengaluru: Woman loses Rs 10 lakh to fake gold sellers,Negative
290,Spurious drug racket busted in Patna; medicines worth Rs 7 lakh seized,Negative
291,Aradhana Mishra only woman to be CLP leader in assembly,Negative
292,No way except to meet an accident,Negative
293,Bad example,Negative
294,CM's proposal of new parking spots; free golf cart rides in Mussoorie draws mixed response,Negative
295,SoftBank invests $275m in Lenskart,Negative
296,Blooming car washing busines on footpath,Negative
297,Cattle smuggling on the rise in north AP,Negative
298,Identify spots where trash is burnt: UPPCB,Negative
299,GARBAGE DUMP OPP GOLF VIEW NANAKRAMGUDA,Negative
300,Man held for sexually harassing woman on train,Negative
301,Paper cup manufacturers urge Kerala government to withdraw ban,Negative
302,Chandigarh municipal corporation issues 320 notices; asks vendors to shift by Nov 30,Negative
303,Temple's boundary wall razed for four-laning of Kartarpur corridor highway,Negative
304,NSUI chief blackens bust of VD Savarkar 'installed' in Delhi University,Negative
305,CAA hits Goa art fest; AV display blanked out; artwork locked up,Negative
306,Malappuram: Drug case accused fires at excise officer; held,Negative
307,Char Dham priests stage dharna against proposed formation of shrine board,Negative
308,pollution of environment,Negative
309,Bhopal: FDA collects egg samples to test of purity,Negative
310,High power charges will make discoms' life difficult: Andhra Pradesh CM,Negative
311,Kochi: Excise identifies three more suspects in MDMA seizure case,Negative
312,Collector writes to AP government over road widening,Negative
313,Yeh Rishtey Hain Pyaar Ke update September 2: Kuhu threatens Kunal; Abir and Mishti sense something wrong between them,Negative
314,Mumbai: Clean-up marshals pose as cops; extort from collegians,Negative
315,Hyderabad: 5 held in rape case and 9 for mediation,Negative
316,St Joseph's Old Boys set to have a 'ball' after 2 decades,Negative
317,Avoid making bulls wait in queues for hours: Health minister,Negative
318,Kolkata: Patient found hanging on Pavlov Hospital's fourth-floor staircase,Negative
319,Supreme Court to hear Maharashtra plea seeking extension of ashram demolition deadline today,Negative
320,THIS is why Shahid Kapoor is raring to come back on the sets after his last outing 'Kabir Singh',Negative
321,As Goa realises ODF target; toilets remain pipe dream,Negative
322,Ahmedabad: In 10 days; mosquitoes breed 1;596 citizen pleas,Negative
323,Missing art director murdered; body found in Virar nullah,Negative
324,When ma is as old as grandma,Negative
325,NCP; BJP workers clash during Kagal municipal council meeting; fierce poll battle on cards,Negative
326,Chennai: Cops bust online gambling racket; nab 2; seize Rs 53 lakh,Negative
327,This govt could have delivered; had Siddaramaiah wanted it,Negative
328,Maharashtra govt jobs: Six lakh aspirants apply for 1;809 jobs of talathis @mahapariksha.gov.in,Negative
329,Kuthiyala faces 100 questions in 6 hours,Negative
330,Manufacturing outlook in Q1 worst in NDA years: Survey,Negative
331,ICC World Cup 2019 Preview; India vs West Indies: India look to shrug off Afghan stutters by dominating Windies,Negative
332,Telangana: SCR to run 68 special trains for Sankranti,Negative
333,'Salt-roti' journo may not be held; hints UP minister,Negative
334,LPG transport operators begin indefinite strike across south India,Negative
335,Meerut: 4 held for Rs 50 lakh theft,Negative
336,Being rude to the driver could cost you a CEO post,Negative
337,Kerala to experience isolated heavy rain in next few days,Negative
338,BJD polls likely in later part of year,Negative
339,Eight get jail for kidnapping boy 10 years ago in Hassan,Negative
340,In UP; adopt 4 stray cattle; earn up to Rs 3;600 per month,Negative
341,Odisha speaker asks former MLAs to vacate government quarters,Negative
342,School students take to fish farming,Negative
343,Takers few; GDA slashes flat rates in Madhuban,Negative
344,Post verdict; allies could get more bargaining power,Negative
345,Many losing finger tips while cleaning bike chain,Negative
346,Rapid Metro rides could become cheaper; panel to review fares,Negative
347,Gurugram: Man dies after cousins give him drink laced with poison,Negative
348,Non-collegiate cutoffs for BA(P) following DU's rising trend,Negative
349,One rape case every 6 hours in Bihar: Report,Negative
350,Rajasthan HC asks woman to return to US for child's custody,Negative
351,Bengal doctors call off strike after Mamata meeting,Negative
352,'Bhoot'- part one: The Haunted Ship' poster: The Vicky Kaushal and Bhumi Pednekar starrer will make a chill run down your spine,Negative
353,Cardamom - for lung health,Negative
354,Karnataka crisis: Speaker's ruling triggers debate,Negative
355,pit2623393bsbeenclosedperfectly,Negative
356,Rajasthan: Health dept overlooks food adulterators; cops step in,Negative
357,West Bengal: Tech varsity takes augmented reality route to train teachers,Negative
358,Attempt to murder added to assault case,Negative
359,Ahmedabad: DPS East responds to CBSE notice,Negative
360,Police block 12-year-old girl from visiting Sabarimala temple,Negative
361,Jaipur: Pocso court orders action against senior cops in false rape case,Negative
362,Illegal migration from Bangladesh a worry: Shah,Negative
363,clogging sewage;no garbage tank;unhygienic toilet,Negative
364,'It's a coincidence that Chhapaak trailer is releasing on World Human Rights Day;' says Meghna Gulzar,Negative
365,Constable kills his lover's live-in friend; dumps body in well,Negative
366,Pune: iCloud tracking system helps police trace stolen iPhone,Negative
367,Government has restructured police dept: CM Nitish Kumar,Negative
368,Bengaluru: Man blackmails ex-GF with photos; nabbed,Negative
369,Allahabad high court grants UP government two days to file status report,Negative
370,18-month-old drowns after falling into bathing tub at home,Negative
371,Assam college houses inmates of flooded jail,Negative
372,Baby thrown into well by depressed kin; dies,Negative
373,Delhi cops: CISF man offered help to IAS officer after framing hubby,Negative
374,Potehole,Negative
375,Pavement damaged within 2 month .,Negative
376,Bigg Boss 13: Sidharth Shukla cries his eyes out reading his mother's letter; apologises to Asim,Negative
377,Weather-hit fishermen seek compensation like farmers,Negative
378,5 days after killing youth; attackersnow shoot at his mother and uncle,Negative
379,Businessman; associate held for murder,Negative
380,After the Bollywood stars' drug controversy; an open letter for Karan Johar pops up on Twitter,Negative
381,Hopes dashed? Centre not keen on turmeric board in Nizamabad,Negative
382,Lack of streetlights on kallanai road,Negative
383,CARS AND CABS NOT ALLOWED IN LOKPURAM COMPLEX,Negative
384,Assam tea fetches record Rs 75;000 for a kilo,Negative
385,Akshaye Khanna: I want to live the most low profile life that I can in this profession,Negative
386,Crime capital: Rise in murders; rapes; car thefts this year,Negative
387,illegal dumping of mud and muck on the road,Negative
388,Ahmedabad: 20 shops sealed for strewing garbage,Negative
389,AIIMS set for major revamp,Negative
390,Man assaults wife for giving birth to a girl; FIR registered,Negative
391,DANGEROUS RAILWAY OFFICE BUILDINGS,Negative
392,Rajkot: Man arrested for chopping wife's ears; nose,Negative
393,Security not up to mark in Nashik railway station,Negative
394,Oppo A5; F11 Pro get a price cut of up to Rs 2;000,Negative
395,IndiGo plane makes emergency landing after fuel leak,Negative
396,Hyderabad: Amberpet wall collapse death toll rises to five,Negative
397,U-turn: BBMP to call tenders for whitetopping,Negative
398,PMRDA seeks 7.68 TMC from 15 dams in district for 20 years,Negative
399,Kulfi Kumar Bajewala written update; June 28; 2019: Sikander's lookalike and impostor Chandan is arrested,Negative
400,After breather; onion inches back to Rs 120/kg,Negative
401,Ten storeyed illegal Dongri building to be razed on Monday,Negative
402,Police jeep overturns during chase; five injured,Negative
403,Water tank collapses in Palghar; 3 hurt,Negative
404,Centre tightens monitoring of funds utilisation by state,Negative
405,Nagpur: Six in Rishi Khosla murder slapped with MCOCA,Negative
406,Schools told to dispel myths surrounding immunisation,Negative
407,Two held for making fake Army papers in Rajasthan,Negative
408,Rain wreaks havoc in UP; claims 16 lives in 24 hours,Negative
409,ED questions D K Shivakumar's daughter for eight hours,Negative
410,Supreme Court to hear plea of 10 rebel Karnataka MLAs today,Negative
411,What's on Priya Varrier's Hyderabad wishlist,Negative
412,Rayagada murders: Orissa high court seeks retrial of nine death-row convicts,Negative
413,Delhi: Car parked to feed pigeons on flyover causes fatal crash,Negative
414,In Prakasam; people desert villages for a drop of water,Negative
415,monitoring committee moves sc against govt plan to regularise 1500 unauthorised colonies in delhi,Negative
416,In Gwalior; a fake thana that extorted locals; truckers,Negative
417,TV actress Gehana Vasisth is recovering after cardiac arrest,Negative
418,Gujarat woman's 'half-nude' pics shared on social media,Negative
419,Exclusive! Prabhas to organise a special screening of 'Saaho' for his alleged girlfriend Anushka Shetty?,Negative
420,Ahmedabad gets rain while Cyclone Maha dissipates in Arabian Sea,Negative
421,Delhi: Air takes severe hit; index touches 446,Negative
422,Delhi: After 3 years in jail; convict in sex assault held not guilty,Negative
423,Cuddalore: Landlady beats her worker's daughter to death,Negative
424,Illegal parking of rickshaws leave pedestrians fuming in Pune,Negative
425,Andhra Pradesh: Absconding former MLA may surrender at Eluru court,Negative
426,Merc accident: Driver wasn't drunk; say cops,Negative
427,2 history-sheeters killed in police encounter in Meerut,Negative
428,ABVP continues protest over hostel facilities,Negative
429,Tourism industry expects extra kick,Negative
430,PCMC will submit action plan to MPCB,Negative
431,Minister Bima Bharti's minor son thrashed in Madhepura district,Negative
432,'Electric' fence at ex-mayor's house doesn't give a shock,Negative
433,UP Police booked most traffic violators in Noida & Varanasi,Negative
434,80-year-old woman killed in house collapse in Salem,Negative
435,Kashmiri Pandits hold rally in US to support revocation of Article 370,Negative
436,Citizenship (Amendment) Act protest: Net clipped in West Bengal pockets to curb violence,Negative
437,Rajasthan: Cops go to arrest goons; get thrashed,Negative
438,Man objects to 'sleazy' message; lynched,Negative
439,Off the list; villagers in mad dash rue 'wasted' sacrifice,Negative
440,Vice-Prez urges children to inculcate scientific temper,Negative
441,Handloom weavers want govt to restart incentives,Negative
442,Lucknow: Police boast 1;000km daily patrol; residents sceptical,Negative
443,Man who sent letter threatening to bomb railway stations arrested,Negative
444,Mystery death of 70 cattle heads in Mohali village,Negative
445,unhygenic surrounding,Negative
446,Malaysian firm asks HC to stall release of Darbar,Negative
447,Dowry death: 7-mnth pregnant woman found hanging,Negative
448,kolhapur nh4 to reopen today to take emergency supplies,Negative
449,Two smugglers held; 13 red sanders logs seized,Negative
450,Safdarjung doctors on strike after colleagues assaulted,Negative
451,Madhya Pradesh: BJP polls delayed as consensus eludes 7 districts,Negative
452,Bihar: GST on electric car battery chargers reduced to 5%,Negative
453,Man arrested for rape; murder of mentally challenged woman,Negative
454,Delhi: Construction choking river; EPCA to tell Supreme Court,Negative
455,NIA targeting Muslim youth: MLAs,Negative
456,Floods: Government refutes media reports on pending compensation appeals,Negative
457,Assault guns & drink in hand; BJP MLA seen mouthing expletives in viral video,Negative
458,Warangal: Man who raped minor gets life,Negative
459,School set ablaze on eve of BDC polls,Negative
460,BJP doesn't believe in democracy: Rajasthan CM Ashok Gehlot,Negative
461,Legal body seeks report on water supply in prison,Negative
462,why bollywood is game for sports biopics,Negative
463,Set up coconut DPCs instead of copra; farmers tell TN government,Negative
464,Opposing every good project hampers government functioning: CM Pramod Sawant,Negative
465,Tree trunk lying on road claims teen driver's life in Delhi,Negative
466,Four held for assaulting elderly woman in Kochi,Negative
467,Poor state of garbage disposal - VEHICLES DUMPED,Negative
468,CST road opposite Mercedes showroom; main road con,Negative
469,Mumbai: Western Railway; Central Railway to be hit due to maintenance block,Negative
470,Delhi: Winds calm; air already near very poor category,Negative
471,Marriage can be dissolved if it breaks down irretrievably: Supreme Court,Negative
472,Delhi-Mumbai in 10 hours by train?,Negative
473,UP: Villager tied to cot; thrashed for raping stepdaughter; dies,Negative
474,There are too many misconceptions about motherhood; we need to have the strength to break them: Sameera Reddy,Negative
475,Ganga much cleaner now due to Namami Gange: CM Yogi Adityanath,Negative
476,Chennai: Four die as share-auto on wrong side rams bus in Tiruvallur,Negative
477,Curbs on climbers from Pakistan; Bangladesh; Afghanistan & China,Negative
478,KMRC starts dismantling buildings ahead of full-scale demolition,Negative
479,Kerala: With RERA registration likely from January 1; builders worried,Negative
480,Chuku Buku may change the way Bengalureans commute,Negative
481,Chennai writer complains of cyber harassment,Negative
482,Jaipur trader shot at by ex-partner; in hospital,Negative
483,Drain water enters home in Sai Sagar Enclave,Negative
484,Another avoidable tragedy: Fire in building with illegal units in heart of Delhi kills 43,Negative
485,Aurangabad: Police book 5 landlords in 24 hours for withholding tenant information,Negative
486,Man assaults wife; threatens to divorce her,Negative
487,I-T raids expose chinks in NEET process,Negative
488,Delhi: Uzbek woman raped by three men in car,Negative
489,Delhi: Residents hope this isn't another poll promise,Negative
490,500 families in Pulianthope slum have just one public toilet,Negative
491,33% relief in for flood-hit to be paid in cash,Negative
492,Kolkata TV actor threatened; pushed off app cab,Negative
493,Cyclone Kyarr: 80 Tamil Nadu fishermen still incommunicado,Negative
494,On Sunday; no one besides Jena was seen running out of Shireen's house,Negative
495,Mumbai: Families try to regain custody of children caught inside human trafficking web,Negative
496,Two die of Congo fever in Jodhpur: Health department,Negative
497,Mumbai: Man who flashed schoolkids; woman jailed for 17 months,Negative
498,With West Asia crisis on mind; India dials Saudi on crude supply,Negative
499,Rajasthan: 50% posts lying vacant at rehab centre,Negative
500,Delhi: No more cash at toll points from September 13,Negative
